navn,organisasjonsnummer,antall_ansatte,kommune,naeringskode
----ADVOKATFIRMAET CATO MYHRE,934551435,0,OSLO,Juridisk tjenesteyting
-G- GROUP AS,989061593,0,OSLO,Konsulentvirksomhet tilknyttet informasjonsteknologi og forvaltning og drift av it-systemer
'PATAPHYSIKA Remi Nilsen,988434353,0,OSLO,Annen undervisning ellers
(THENOTIONNOOK) KVISLER,934759249,0,OSLO,Formidlingstjenester tilknyttet detaljhandel med spesialisert vareutvalg
@ ALEXANDER JOSEPH JOHANSEN,932803747,0,OSLO,Detaljhandel med informasjons- og kommunikasjonsteknologiutstyr
@ON PADTHAI TAKEAWAY CHAICHIT,927474514,0,OSLO,Drift av restauranter
@RNEBLIKK AS,924829214,0,OSLO,"Spesialiserte legetjenester, unntatt psykiatriske legetjenester"
***THOLDZ*** 2000 AS,934080246,0,OSLO,Uoppgitt
&DALE AS,932685256,0,OSLO,Pr og kommunikasjonstjenester
&MORE AS,812467182,0,OSLO,Annen teknisk konsulentvirksomhet
&ROBUST AS,930696404,0,OSLO,"Industri-, produkt- og motedesignvirksomhet"
&YTECH AS,934983564,0,OSLO,Konsulentvirksomhet tilknyttet informasjonsteknologi og forvaltning og drift av it-systemer
# URBAN STRONG AND PROUD,835953742,0,OSLO,Aktiviteter i andre medlemsorganisasjoner ellers
+ FONELL,931509314,0,OSLO,Reklamebyråvirksomhet
+2 INTERIØR AS,995451697,0,OSLO,Interiørdesignvirksomhet
= OSLO (ERLIK OSLO) DA,989995278,0,OSLO,Nyhetsbyråvirksomhet
0 - 6 ULLENSAKERGATA BARNEHAGE AS,994151010,21,OSLO,Førskoleundervisning og drift av barnehager
0 - 6 UTVIKLING NEDERHOED,986405887,0,OSLO,Grafisk design og visuell kommunikasjonsdesign
0 - 6 VÅLERENGGATA BARNEHAGE AS,999286976,19,OSLO,Førskoleundervisning og drift av barnehager
0.500 NULL.FEMHUNDRE,916010214,0,OSLO,Sportsaktiviteter ikke nevnt annet sted
0001 INVEST AS,921826885,0,OSLO,Andre egeninvesteringsselskaper
006 HOLDING AS,934893824,0,OSLO,Produksjon og utgivelse av musikk- og lydopptak
00ROLF Olsen,993933082,0,OSLO,Kontortjenester
00SMART AS,935211026,0,OSLO,
010 IDÉLAB HENRIK ALFHEIM,928148424,0,OSLO,Reklamebyråvirksomhet
0186 BARDRIFT AS,929431650,15,OSLO,Drift av barer
02 KLUBBEN,919939397,0,OSLO,Aktiviteter i andre medlemsorganisasjoner ellers
04 HOLDING AS,932133563,0,OSLO,Uoppgitt
04 INVEST AS,929751353,0,OSLO,Utleie og leasing av andre maskiner og annet utstyr og materiell ikke nevnt annet sted
06 BOYS AS,929403819,0,OSLO,Utøvende kunstnerisk virksomhet og underholdningsvirksomhet innenfor musikk
06 TOMMY RYKHUS JOHANSEN,919725737,0,OSLO,Skapende kunstnerisk virksomhet innenfor komposisjon av musikk
075X INVEST AS,926116002,0,OSLO,Uoppgitt
08 OSLO MARITIME AS,825769242,0,OSLO,Annen teknisk konsulentvirksomhet
0DIN HOLDING AS,917218285,0,OSLO,Andre egeninvesteringsselskaper
0XHOLDING AS,920464963,0,OSLO,Konsulentvirksomhet tilknyttet informasjonsteknologi og forvaltning og drift av it-systemer
1 BEKKELAGET SPEIDERGRUPPE,997040244,0,OSLO,Aktiviteter i andre medlemsorganisasjoner ellers
1 BUDDY HOLDING AS,918085726,0,OSLO,Uoppgitt
1 GLAD AS,935967414,0,OSLO,Drift av restauranter
1 HJELPENDE HÅND AS,925273236,24,OSLO,Kombinerte tjenester tilknyttet eiendomsdrift
1 INDUSTRIVEI 4 DA,870949812,0,OSLO,Utleie av egen eller leid fast eiendom
1 MALERSERVICE HOUSSA JAGOUJ,919843217,0,OSLO,Maler- og glassarbeid
1 NYTT AS,935958385,0,OSLO,Reklamebyråvirksomhet
1 NYTT BRA AS,835958612,0,OSLO,Reklamebyråvirksomhet
1 OSLO RENHOLDSSERVICE AS,929032470,10,OSLO,Rengjøring av bygninger
1 TOUCH 5 STARS PISULA,926688405,0,OSLO,Rengjøring av bygninger
1 ØRE AS,935751837,0,OSLO,Detaljhandel med brukte varer
1-VESTRE AKER ST. GEORGSGILDE,919345659,0,OSLO,Aktiviteter i andre medlemsorganisasjoner ellers
1. GRORUD SPEIDERGRUPPE,983610854,0,OSLO,Aktiviteter i andre medlemsorganisasjoner ellers
1. HAUGERUD SPEIDERGRUPPE AV NORGES SPEIDERFORBUND,996239977,0,OSLO,Aktiviteter i andre medlemsorganisasjoner ellers
1. NORDSTRAND SPEIDERGRUPPE,819302332,0,OSLO,Aktiviteter i andre medlemsorganisasjoner ellers
1. VÅLERENGA SPEIDERGRUPPE,986606130,0,OSLO,Aktiviteter i andre medlemsorganisasjoner ellers
1% FESTENYTT AS,830006672,0,OSLO,Utleie av egen eller leid fast eiendom
1+1 ARCHITECTS AS,999292364,0,OSLO,Arkitektvirksomhet
10. APRIL ANS,991272658,0,OSLO,"All annen faglig, vitenskapelig og teknisk virksomhet ikke nevnt annet sted"
10. KLASSETUR SAGENE SKOLE,929308913,0,OSLO,Aktiviteter i andre medlemsorganisasjoner ellers
10/10 TEKSTILTRYKKERI AS,998781558,24,OSLO,Etterbehandling av tekstiler
10%BERLIN AS,916053770,0,OSLO,Utvikling og salg av byggeprosjekter
100 % LYD KENNETH GUSTAVSEN,976498062,0,OSLO,Andre tjenester tilknyttet kunstnerisk virksomhet og underholdningsvirksomhet
100 METER SKOGEN AS,994084232,0,OSLO,Uoppgitt
100 MILE AS,932612976,0,OSLO,Uoppgitt
100% LYD AS,924790822,0,OSLO,Andre tjenester tilknyttet kunstnerisk virksomhet og underholdningsvirksomhet
1000 & 1 DIGITALE EVENTYR DA,878684672,0,OSLO,Annen forretningsmessig tjenesteyting ikke nevnt annet sted
1001 FORTELLINGER TUVA ROSENLUND,990788782,0,OSLO,"Produksjon av film, video og fjernsynsprogrammer"
1001 ROM Kathrine Sørgård,989011766,0,OSLO,Skapende kunstnerisk virksomhet innenfor litteratur
101 TECH AS,923810390,0,OSLO,Dataprogrammeringstjenester
1012 PROJECT AISTE CESNAUSKAITE,924965304,0,OSLO,Utøvende kunstnerisk virksomhet og underholdningsvirksomhet innenfor scenekunst
1054 ENTERTAINMENT DANIEL MCMANUS AMPONG,921391722,0,OSLO,"All annen faglig, vitenskapelig og teknisk virksomhet ikke nevnt annet sted"
1068 RECORDS JONAS SÆRVOLD,922695245,0,OSLO,Utøvende kunstnerisk virksomhet og underholdningsvirksomhet innenfor musikk
1080 MAP AS,996638707,0,OSLO,Undervisning innenfor idrett og rekreasjon
10COM AS,990012237,0,OSLO,Bedriftsrådgivning og annen administrativ rådgivning
10FOLD AS,819767122,0,OSLO,Bedriftsrådgivning og annen administrativ rådgivning
10X INVESTMENT AS,927387336,0,OSLO,Uoppgitt
11 STARS IDRETTSLAG,818278462,0,OSLO,Aktiviteter i idrettslag og -klubber
11:11 SKINCARE AS,830861742,0,OSLO,Detaljhandel med kosmetikk og toalettartikler
110% MANAGEMENT AS,930240427,0,OSLO,Andre tjenester tilknyttet kunstnerisk virksomhet og underholdningsvirksomhet
1111 SOLUTIONS LTD,935939151,0,,Utleie av arbeidskraft og andre personaladministrative tjenester
1118 ASSETS AS,930664766,0,OSLO,Uoppgitt
1118 IMPORTS KRISTIAN MAGNUS DAHL DYRSETH,918541934,0,OSLO,"Engroshandel med kaffe, te, kakao og krydder"
11A HOLDING AS,919543906,0,OSLO,Byggeteknisk konsulentvirksomhet
11C PARTNERS AS,928688933,0,OSLO,Uoppgitt
12 ELDORADO CREEK AS,929236955,0,OSLO,Uoppgitt
12 ROUNDS NUF,931676881,0,OSLO,Undervisning innenfor idrett og rekreasjon
12 YEARS AGENCY AS,922903107,0,OSLO,Annen undervisning ellers
"12,7 AUDIO ANDERS EMIL GJELSVIK",916501838,0,OSLO,Andre tjenester tilknyttet kunstnerisk virksomhet og underholdningsvirksomhet
"120 - EN ARKITEKTKONKURRANSE FOR STUDENTER, AV STUDENTER",996406148,0,,Aktiviteter i andre medlemsorganisasjoner ellers
123 HOUSING AS,821066212,0,OSLO,Utleie av egen eller leid fast eiendom
123 TRANSPORT THOMAS REKSTEN,915971733,0,OSLO,Andre post- og budtjenester
123-BYGG.NO BERNTSEN,829619342,0,OSLO,Oppføring av bygninger
1242 APPS AS,924526327,0,OSLO,Dataprogrammeringstjenester
127DB,987774630,0,OSLO,Aktiviteter i andre medlemsorganisasjoner ellers
13 HOLDING AS,935214025,0,OSLO,Bedriftsrådgivning og annen administrativ rådgivning
13 INVEST AS,918304460,0,OSLO,Utvikling og salg av byggeprosjekter
13/16 HOLDING AS,921078528,0,OSLO,Regnskapsføring og bokføring
1313 SELAH AS,830697322,0,OSLO,Detaljhandel med klær
1337 INVEST AS,917825491,0,OSLO,Andre egeninvesteringsselskaper
1337 REGNSKAP AS,836193962,0,OSLO,Regnskapsføring og bokføring
1349 INVEST AS,917337837,0,OSLO,Uoppgitt
137 AKTIV,936434002,0,OSLO,Aktiviteter i idrettslag og -klubber
13BYTES AS,924389532,0,OSLO,Uoppgitt
14 COMPANIES LIMITED,927155796,0,OSLO,"Detaljhandel med ur, klokker og smykker"
14. AUGUSTKOMITEEN NORGE,886250312,0,OSLO,Aktiviteter i andre medlemsorganisasjoner ellers
14016 NTL MILJØVERNDEPARTEMENTET,995488949,0,OSLO,Aktiviteter i arbeidstakerorganisasjoner
1423 NORGE AS,928285251,0,OSLO,Engroshandel med drikkevarer
144 EDUCATION NGO,917569142,0,OSLO,Aktiviteter i andre medlemsorganisasjoner ellers
1450 HOLDING AS,927135469,0,OSLO,Uoppgitt
15 KNOP AS,915915833,0,OSLO,Bedriftsrådgivning og annen administrativ rådgivning
15 MEANINGS AS,993188921,0,OSLO,Dataprogrammeringstjenester
1540 HERITAGE CAPITAL AS,921994605,0,OSLO,Uoppgitt
16 HOLDING AS,929170806,0,NORDRE FOLLO,Reklamebyråvirksomhet
1646 PROPERTIES BIDCO AS,934937120,0,OSLO,Kjøp og salg av egen fast eiendom
1646 PROPERTIES HOLDCO AS,934937384,0,OSLO,Kjøp og salg av egen fast eiendom
16RAA SPORSHEIM,925299081,0,OSLO,"All annen faglig, vitenskapelig og teknisk virksomhet ikke nevnt annet sted"
17 OSLO KAMPIANERNE SPEIDERGRUPPE,883464982,0,,Aktiviteter i andre medlemsorganisasjoner ellers
17 RECORDS AS,932772094,0,OSLO,Aktiviteter utført av utflukts- og eventarrangører
1750 INVEST AS,989395734,0,OSLO,Andre egeninvesteringsselskaper
18 WARD AS,932039613,0,OSLO,Bedriftsrådgivning og annen administrativ rådgivning
180.NO NUMMEROPPLYSNINGEN AS,987428317,12,OSLO,Drift av søkemotorer
1818 OPPLYSNINGSTJENESTEN AS,994936093,0,OSLO,Telefonvakttjenester og telefonsalg
1842 HOLDING AS,828034812,0,OSLO,Uoppgitt
1846 CLAUSEN HOLDING AS,931701088,0,OSLO,Utleie av egen eller leid fast eiendom
1863 PROPERTIES AS,934072391,0,OSLO,Utleie av egen eller leid fast eiendom
1881 GROUP AS,918124934,0,BÆRUM,Drift av søkemotorer
1894 AASTORP TEKNISK RÅDGIVNING,933299651,0,OSLO,Annen teknisk konsulentvirksomhet
1896 INVEST AS,996953076,0,OSLO,Andre egeninvesteringsselskaper
19 EIGHTYSIX VENTURES AS,936365442,0,OSLO,Drift av restauranter
19 HERTZ HOLDING AS,935824443,0,OSLO,Uoppgitt
19:10 HOLDING AS,935213568,0,OSLO,Uoppgitt
1912 NÆRING 1 AS,993410489,0,OSLO,Utleie av egen eller leid fast eiendom
1912 TOP HOLDING AS,912055744,0,OSLO,"Engroshandel med tømmer, trelast, byggevarer og sanitærutstyr"
1969 TATTOO ART-IAM,992104228,0,OSLO,Andre personlige tjenester ikke nevnt annet sted
1982 DIANA TIARI,923799753,0,OSLO,Skjønnhetspleie
1991 PRODUKSJON AS,930325686,0,OSLO,Andre tjenester tilknyttet kunstnerisk virksomhet og underholdningsvirksomhet
1993 NTOKO,933032795,0,OSLO,Andre post- og budtjenester
1993 SOLLY BYGG OG ANLEGG,927704870,0,OSLO,Maler- og glassarbeid
1995 PRODUCTIONS BRANDMO,933853624,0,OSLO,Aktiviteter utført av utflukts- og eventarrangører
1996 ADRIAN GONZALEZ-RUBIO,925128325,0,OSLO,Reklamebyråvirksomhet
1B1 GROUP AS,913140125,0,KRISTIANSAND,Utøvende kunstnerisk virksomhet og underholdningsvirksomhet innenfor musikk
1BEDRIFT.NO AS,919223510,0,OSLO,Bedriftsrådgivning og annen administrativ rådgivning
1HARMONI AS,923874844,0,OSLO,"Produksjon av film, video og fjernsynsprogrammer"
1INCH INNREDNING AS,935435331,29,OSLO,Snekkerarbeid
1RM HOLDING AS,935395143,0,OSLO,Uoppgitt
2 A TECH APS NUF,926273981,15,,Bygging av veier og motorveier
2 BE HILDE KRISTINE BJERKAN,923713689,0,OSLO,Andre personlige tjenester ikke nevnt annet sted
2 BIOLOGISTS DA,991297073,0,OSLO,Annen forretningsmessig tjenesteyting ikke nevnt annet sted
2 BRØDRE HOLDING AS,936534112,0,OSLO,Utleie av egen eller leid fast eiendom
2 CARAT GULL OG DIAMANTER ANS,979743858,0,OSLO,"Detaljhandel med ur, klokker og smykker"
2 CLAP STUDIO DA,811699632,0,LIER,"Produksjon av film, video og fjernsynsprogrammer"
2 GODE VENNER AS,924534796,0,OSLO,Drift av barer
2 GRAND IT SHAKIR,928953351,0,OSLO,Andre post- og budtjenester
2 INVEST AS,930378305,0,OSLO,Uoppgitt
2 PLAY AS,912716457,0,OSLO,Detaljhandel med spill og leker
2 PLAY AS KONKURSBO,933603237,0,OSLO,Detaljhandel med spill og leker
2 ROMERIKE ST GEORGS GILDE,997071956,0,OSLO,Aktiviteter i andre medlemsorganisasjoner ellers
2 RØRLEGGERE AS,986512551,5,OSLO,VVS-arbeid
2 X 20 - KLUBBEN,996901122,0,OSLO,Aktiviteter i idrettslag og -klubber
2 YOU REKLAMEBYRÅ DA,983381359,0,OSLO,Reklamebyråvirksomhet
2-RAYZ SYNDICATE TOURAY,993877379,0,OSLO,"Produksjon av film, video og fjernsynsprogrammer"
2.0 INVEST AS,926962000,0,OSLO,Uoppgitt
2.0 MEDIA AS,927876604,0,OSLO,Reklamebyråvirksomhet
2.BESTUM SJØSPEIDERGRUPPE,996487024,0,OSLO,Aktiviteter i andre medlemsorganisasjoner ellers
20 DEGREES HOLDING AS,928644278,0,OSLO,Dataprogrammeringstjenester
20:20 LOGISTICS LTD,980594882,0,OSLO,Engroshandel med informasjons- og kommunikasjonsteknologiutstyr
2001 VENTURES AS,934445724,0,OSLO,Dataprogrammeringstjenester
2013 CONSULTING AS,911797992,0,OSLO,Konsulentvirksomhet tilknyttet informasjonsteknologi og forvaltning og drift av it-systemer
2020 BULKERS LTD. NUF,930117382,0,OSLO,Utenriks sjøfart med gods
2020 BULKERS MANAGEMENT AS,921059450,7,OSLO,Andre tjenester tilknyttet sjøtransport
2020 BULKERS SANDEFJORD AS,928949648,0,OSLO,Utenriks sjøfart med gods
2020 BULKERS SANTIAGO AS,828949632,0,OSLO,Utenriks sjøfart med gods
2020 BULKERS SANTOS AS,928949567,0,OSLO,Utenriks sjøfart med gods
2020 BULKERS SAO PAULO AS,928949575,0,OSLO,Utenriks sjøfart med gods
2020 BULKERS SHENZHEN AS,928949605,0,OSLO,Utenriks sjøfart med gods
2020 BULKERS SYDNEY AS,928949583,0,OSLO,Utenriks sjøfart med gods
2020 CONSULTING AS,930156418,0,OSLO,Telefonvakttjenester og telefonsalg
2020 FINANS AS,934485947,0,OSLO,Uoppgitt
2021 EIENDOM AS,813390922,0,OSLO,Utvikling og salg av byggeprosjekter
2025,932110318,0,,Aktiviteter i partipolitiske organisasjoner
2050 KAPITAL AS,928155242,0,OSLO,Uoppgitt
21 GRAMS AS,919043903,0,OSLO,Konsulentvirksomhet tilknyttet informasjonsteknologi og forvaltning og drift av it-systemer
21-5 NORGE AS,923082891,0,OSLO,Utvikling og salg av byggeprosjekter
2104EVENTSBY JOSE AS,922255245,0,OSLO,Utleie av egen eller leid fast eiendom
21ST COMPANY AS,920713378,0,OSLO,"Industri-, produkt- og motedesignvirksomhet"
21ST VENTURE AS,925005630,0,OSLO,Uoppgitt
22 HOLDING NUF,928330117,0,OSLO,Bedriftsrådgivning og annen administrativ rådgivning
22. JULI-SENTERET,922727457,31,OSLO,Annen undervisning ellers
223 AGENCY AS,928655075,0,OSLO,Bedriftsrådgivning og annen administrativ rådgivning
224 PRODUCTIONS SKOGVOLD,931144278,0,OSLO,Skapende kunstnerisk virksomhet innenfor visuell kunst
2317 GRØNNEGATA BORETTSLAG,929568524,0,HAMAR,Aktiviteter i borettslag og boligsameier
2380 CHRISTIANIA,993450146,0,OSLO,Aktiviteter i idrettslag og -klubber
24 CENTER AS,927237652,8,OSLO,Telefonvakttjenester og telefonsalg
24 CHILLOUT MUSIC Helge Krabye,850719942,0,OSLO,Produksjon og utgivelse av musikk- og lydopptak
24 FRAMES PER SECOND AS,985303770,0,OSLO,"Produksjon av film, video og fjernsynsprogrammer"
24 SÈVRES SAS,929654536,0,,Detaljhandel med klær
24 SØPPEL OG FLYTTING AS,925830038,0,OSLO,Materialgjenvinning
24 TIMMAR NYHETER I ØREBRO AB,981905865,0,,Nyhetsbyråvirksomhet
24 TRANSPORT JURS,930360627,0,OSLO,Andre post- og budtjenester
24 TRAVEL GROUP YASSIN MOHAMED,921495471,0,OSLO,Reisebyråvirksomhet
24/7 KJØLEVAKTEN AS,934047419,0,OSLO,VVS-arbeid
24/7 RETAIL GROUP AS,916508522,0,OSLO,Dataprogrammeringstjenester
24/7 RØRLEGGER ENERGI OG MILJØ SELSKAP AKERSHUS OSLO URDAL,923343946,0,OSLO,VVS-arbeid
24/7 RØRLEGGERVAKTEN AS,926819828,13,OSLO,VVS-arbeid
24/7 RØRLEGGERVAKTEN AVD ØSTFOLD AS,931077309,0,OSLO,VVS-arbeid
24/7 RØRSERVICE AS,834521962,0,OSLO,VVS-arbeid
2408 RESTVOLD,922797714,0,OSLO,Aktiviteter i andre medlemsorganisasjoner ellers
247VENTURES AS,927444011,0,OSLO,Dataprogrammeringstjenester
247VENTURES AS TVANGSAVVIKLINGSBO,936388256,0,OSLO,Dataprogrammeringstjenester
24FITNESS AS,995453975,9,OSLO,Treningssentervirksomhet
24HSHOP NORGE,919334053,0,,Detaljhandel med informasjons- og kommunikasjonsteknologiutstyr
"24M TECHNOLOGIES, INC.",931171178,0,,Produksjon av batterier og akkumulatorer
24SEVENOFFICE NC AS,995856166,0,OSLO,Konsulentvirksomhet tilknyttet informasjonsteknologi og forvaltning og drift av it-systemer
24SEVENOFFICE NORWAY AS,995251094,125,OSLO,Utgivelse av annen programvare
24SEVENOFFICE SCANDINAVIA SYSTEMS AS,995985713,0,OSLO,Konsulentvirksomhet tilknyttet informasjonsteknologi og forvaltning og drift av it-systemer
24SJU AS,935658888,0,OSLO,Uoppgitt
24T OSLO RØRSERVICE AS,935028965,0,OSLO,VVS-arbeid
24T RØRSERVICE AS,916285310,0,OSLO,VVS-arbeid
24T RØRSERVICE AS KONKURSBO,934589343,0,OSLO,VVS-arbeid
25. TIME SHARTHAN SIMOONS,989763415,0,OSLO,Dataprogrammeringstjenester
25.TIME AS,915890423,0,OSLO,Dataprogrammeringstjenester
25/SEVEN PICTURES AS,935389496,0,OSLO,"Produksjon av film, video og fjernsynsprogrammer"
259 HOLDING AS,933128237,0,OSLO,Uoppgitt
261STUDIO BY ABI QADAR,920893333,0,OSLO,Fotografvirksomhet
263 AGENCY AS,934358333,0,OSLO,"Agenturhandel med tekstiler, klær, pelsskinn, skotøy og lærvarer"
2662 INVEST AS,932737043,0,OSLO,Uoppgitt
27 CAPITAL AS,916495307,0,OSLO,Utleie av egen eller leid fast eiendom
28 HOLDING AS,933461890,0,OSLO,Uoppgitt
28TH PROPERTIES AS,917036446,0,OSLO,Utvikling og salg av byggeprosjekter
29. ST GEORGES GILDE OSLO LILLOMARK,984713444,0,OSLO,Aktiviteter i andre medlemsorganisasjoner ellers
2A BYGG & EIENDOM AS,911918099,0,OSLO,Eiendomsforvaltning på oppdrag
2A INVESTMENTS AS,926312480,0,OSLO,Eiendomsforvaltning på oppdrag
2A UTVIKLING AS,921092180,0,OSLO,Utleie av egen eller leid fast eiendom
2ACTIVE AS,935632617,0,OSLO,Undervisning innenfor idrett og rekreasjon
2AM-DM AS,834357372,0,OSLO,Produksjon og utgivelse av musikk- og lydopptak
2AWF ANS,992088451,0,OSLO,Oppføring av bygninger
2BEE,983924085,0,OSLO,Aktiviteter i andre medlemsorganisasjoner ellers
2BERG INVEST AS,998763320,0,OSLO,Andre egeninvesteringsselskaper
2BH ENEBAKKVEIEN 305 AS,913106679,0,OSLO,Utleie av egen eller leid fast eiendom
2BH INVEST AS,918747028,0,OSLO,Uoppgitt
2C MEDIA AS,896428942,0,OSLO,Reklamebyråvirksomhet
2CARE AS,923832742,0,OSLO,Praktisk bistand i hjemmet
2CARE BPA AS,986587098,186,OSLO,Brukerstyrt personlig assistanse (bpa)
2CARE HJEMMETJENESTER AS,989951750,499,OSLO,Praktisk bistand i hjemmet
2CE NAIL BEAUTY AS,832950602,5,LØRENSKOG,Skjønnhetspleie
2CLEAN AS,987704918,231,OSLO,Rengjøring av bygninger
2D HOLDING AS,996236196,0,OSLO,Andre egeninvesteringsselskaper
2DALE AS,921360053,0,OSLO,Uoppgitt
2DAY AS,995566591,0,OSLO,Utleie av egen eller leid fast eiendom
2DRILL AS,932688956,0,OSLO,Annen spesialisert byggevirksomhet i forbindelse med oppføring av bygninger
2E SPORTS AGENCY AS,935302331,0,OSLO,"All annen faglig, vitenskapelig og teknisk virksomhet ikke nevnt annet sted"
2EAT AS,920416322,24,OSLO,Kantinedrift og annen cateringvirksomhet
2ENTERTAIN NORGE AS,983569285,80,OSLO,Utøvende kunstnerisk virksomhet og underholdningsvirksomhet innenfor scenekunst
2EYES CONSULTING AS,927018020,0,OSLO,Annen forretningsmessig tjenesteyting ikke nevnt annet sted
2FAST2CLEAN VINCENZO GIUSEPPE ZAPPALA,912741443,0,OSLO,Rengjøring av bygninger
2GEN AS,928745058,0,OSLO,Uspesifisert engroshandel
2GETHER Eivind Riseth,990368996,0,OSLO,Utøvende kunstnerisk virksomhet og underholdningsvirksomhet innenfor musikk
2GROUP AS,919931108,8,OSLO,Rengjøring av bygninger
2H CONSULTING AS,913275748,0,OSLO,Bedriftsrådgivning og annen administrativ rådgivning
2HB HOLDING AS,925144517,0,OSLO,Uoppgitt
2HD ARCHITECTURE WORKSHOP AS,932973855,0,OSLO,Arkitektvirksomhet
2INVEST AS,979439245,0,OSLO,Konsulentvirksomhet tilknyttet informasjonsteknologi og forvaltning og drift av it-systemer
2IZII AS,934936124,5,OSLO,Dataprogrammeringstjenester
2KN RØR-SERVICE AS,917790558,0,OSLO,VVS-arbeid
2KN RØR-SERVICE AS TVANGSAVVIKLINGSBO,934441001,0,OSLO,VVS-arbeid
2LATE AS,920243258,0,OSLO,Annen teknisk konsulentvirksomhet
2M CARNITECH,932138921,0,,Installasjon av industrimaskiner og -utstyr
2M HOLDING AS,930854352,0,OSLO,Uoppgitt
2M KRISTIANSEN,926500341,0,OSLO,Gulvlegging og tapetsering
2M-LOCATEL,989348272,0,OSLO,Engroshandel med informasjons- og kommunikasjonsteknologiutstyr
2M-SUPPORT TOM ANDERSEN,914455391,0,OSLO,Skapende kunstnerisk virksomhet innenfor komposisjon av musikk
2MOVE AS,936155073,0,OSLO,Undervisning innenfor idrett og rekreasjon
2MUA-EMVGS,920847358,0,OSLO,Aktiviteter i andre medlemsorganisasjoner ellers
2N CYBER AS,935690048,0,OSLO,Konsulentvirksomhet tilknyttet informasjonsteknologi og forvaltning og drift av it-systemer
2ND HAF KORNMO,920809464,0,OSLO,Skapende kunstnerisk virksomhet innenfor komposisjon av musikk
2ND HAF MOURAD J,921206194,0,OSLO,Utøvende kunstnerisk virksomhet og underholdningsvirksomhet innenfor musikk
2ND HOME AS,928882128,0,OSLO,Utleie av egen eller leid fast eiendom
2ND NORGE AS,928543404,0,OSLO,Detaljhandel med bredt vareutvalg ellers
2ND OPINION EMF STEIN ARVE JACOBSEN MØLLERHAUG,917862583,0,OSLO,Aktiviteter utført av utflukts- og eventarrangører
2ND SIGN APS,988784494,0,OSLO,Engroshandel med klær og skotøy
2NE HUNDERE,982559405,0,OSLO,Reparasjon og vedlikehold av andre husholdningsvarer og varer til personlig bruk ikke nevnt annet sted
2RE HOLDING AS,919953586,0,OSLO,Annen teknisk konsulentvirksomhet
2RE-2NE-R2 3KKSPILLTROLL ANS,982223733,0,OSLO,Detaljhandel med kulturvarer ikke nevnt annet sted
2REFRAME AS,919709367,0,OSLO,Bedriftsrådgivning og annen administrativ rådgivning
2S7 ENT AS,936040039,0,OSLO,Utøvende kunstnerisk virksomhet og underholdningsvirksomhet innenfor musikk
2STERKE AS,933114589,0,OSLO,Grunnarbeid
2TAURUS AS,821469422,0,OSLO,Bedriftsrådgivning og annen administrativ rådgivning
2V DESIGN Tove Kristin Ebbesen,976118391,0,OSLO,Reklamebyråvirksomhet
2WB TRADING AS,924573449,0,OSLO,Uoppgitt
3 AMIGOS AS,936253849,0,OSLO,Drift av restauranter
3 BRØDRE AS,934649214,0,OSLO,Drift av restauranter
3 FUEGOS PCI LIMITED,927702754,0,OSLO,"Detaljhandel med jernvarer, byggevarer, fargevarer og glass"
3 LIONS CONSULT AS,933875938,0,OSLO,Kjøp og salg av egen fast eiendom
3 MILLIMETER AS,922330468,0,OSLO,Utøvende kunstnerisk virksomhet og underholdningsvirksomhet innenfor musikk
3 MONTASJE AS,923391975,0,OSLO,Oppføring av bygninger
3 MONTASJE AS TVANGSAVVIKLINGSBO,936112714,0,OSLO,Oppføring av bygninger
3 P INVEST AS,927540290,0,OSLO,Uoppgitt
"3 PRO, PROFESJONELL PROTOTYP OG PODUKTUTVIKLING AS",976485556,0,OSLO,Annen teknisk konsulentvirksomhet
3 STEP IT AS,878703812,39,OSLO,Utleie og leasing av kontor- og datamaskiner
3. OSLO ASKELADD SPEIDERGRUPPE,898042502,0,,Aktiviteter i andre medlemsorganisasjoner ellers
300 HIRST,936007139,0,OSLO,Skapende kunstnerisk virksomhet innenfor visuell kunst
300 KNOP AS,986696539,0,OSLO,Lufttransport med passasjerer
305 INVEST AS,927612275,0,OSLO,Uoppgitt
313 INVEST AS,827278092,0,OSLO,Uoppgitt
